{
    "models": {
        "segmentation" : "../submodules/KittiSeg/hypes/KittiSeg_ResNet.json",
        "detection" : "../submodules/KittiBox/hypes/kittiBox_ResNet.json",
        "road" : "../submodules/KittiClass/hypes/KittiClass_ResNet.json"
    },

    "model_list": ["segmentation", "detection", "road"],

    "path": ["../incl", "../submodules/KittiSeg/incl", "../submodules/KittiBox/incl/", "../submodules/KittiClass/incl/"],

    "logging": {
        "display_iter": 50,
        "eval_iter": 1000,
        "write_iter": 1000,
        "save_iter": 2000,
        "image_iter": 600000
    },

    "resnet": true,
    "no_moving_avg": true,

    "selection": {
        "random": false,
        "use_weights": true,
        "weights": [1, 0, 0]
    },

    "loss_build": {
        "recombine": true,
        "weighted": false,
        "weights": [0.7, 2, 0.7]
    },

    "solver": {
        "max_steps": 120000,
        "batch_size": 1
    }
}
